conversation_id_str,created_at,favorite_count,full_text,id_str,image_url,in_reply_to_screen_name,lang,location,quote_count,reply_count,retweet_count,tweet_url,user_id_str,username
1.89535E+18,Fri Feb 28 05:33:31 +0000 2025,16,Mahasiswa Indonesia Ciptakan Mobil Bahan Bakar Hidrogen Raih Juara di Qatar dan Pecahkan Rekor Asia Mahasiswa Universitas Indonesia (UI) berhasil menciptakan menciptakan mobil hidrogen dan meraih Juara 1 di Shell Eco Marathon 2025. https://t.co/4GLzbtoCFx,1.89535E+18,https://pbs.twimg.com/ext_tw_video_thumb/1895346265158021121/pu/img/uPitccMPzCa66tc_.jpg,,in,,2,1,4,https://x.com/VIVAcoid/status/1895346573724524883,41730943,VIVAcoid
1.89652E+18,Mon Mar 03 11:04:50 +0000 2025,31560,yang ngoplos : pertamina yang disidak : shell yang pengen investor asing banyak invest di indonesia : pemerintah yang bikin investor asing susah/malas investasi ke indo : pemerintah+ormas hotel : trivago,1.89652E+18,,,in,Void,117,127,9340,https://x.com/speedingjunkie/status/1896517117153001622,1.47938E+18,speedingjunkie
1.89682E+18,Tue Mar 04 07:00:00 +0000 2025,27,Terpantau SPBU swasta menaikkan harga beberapa jenis BBM-nya pada Maret 2025. Shell Vivo dan BP kompak menaikkan harga BBM RON 92 Rp100-Rp240 per liter. Begitu pula untuk BBM RON 95 harganya kompak dikerek naik Rp120 per liter. Sementara itu Pertamina menahan harga BBM RON https://t.co/2qHaonRbGI,1.89682E+18,https://pbs.twimg.com/media/GlHxTa3bkAAF0TV.jpg,,in,Indonesia,1,0,8,https://x.com/GNFI/status/1896817888268267733,39677695,GNFI
1.8985E+18,Sun Mar 09 02:44:17 +0000 2025,4697,@biasalahanakmud Sekedar tambahan; Inilah alasan mengapa shell memiliki SOP bagi para pemotor yang motornya memiliki tangki didepan diwajibkan untuk turun saat sedang mengisi BBM https://t.co/4fBV5HU4sl,1.89857E+18,https://pbs.twimg.com/ext_tw_video_thumb/1627598206493401091/pu/img/TLD4NBP_kgI_s7Vn.jpg,biasalahanakmud,in,"Republic of Bashkortostan, Rus",62,36,655,https://x.com/pra_dypta/status/1898565476760060335,74623349,pra_dypta
1.89782E+18,Fri Mar 07 01:17:35 +0000 2025,249,Tidak membeli BBM Produk Pertamina bukan berarti tidak mencintai Indonesia Toh... BP. Shell Vivo dan Exxon Mobil juga sama-sama bayar pajak kepada Indonesia https://t.co/BDkoTOkBFK,1.89782E+18,https://pbs.twimg.com/media/GlZoNqjbwAUnQ8X.jpg,,in,I N D O N E S I A,8,103,79,https://x.com/Heraloebss/status/1897818879247966683,1.25182E+18,Heraloebss
1.89569E+18,Sat Mar 01 04:34:30 +0000 2025,14129,Shell Sampai BP Kompak Naikkan Harga BBM Per Hari Ini 1 Maret 2025 https://t.co/nWk2GLiEIT,1.89569E+18,,,in,,1860,1339,1444,https://x.com/CNNIndonesia/status/1895694109870068196,17128975,CNNIndonesia
1.89536E+18,Fri Feb 28 06:34:36 +0000 2025,569,Bubarkan Pertamina biar Shell atau Petronas yg jual BBM di Indonesia. 3 Desember 2024 https://t.co/dDdbgJIzBD,1.89536E+18,https://pbs.twimg.com/ext_tw_video_thumb/1895361796443078656/pu/img/z_w-wrc8xbfnpqYF.jpg,,in,,4,21,196,https://x.com/Bambangmulyonoo/status/1895361944993046672,1.29631E+18,Bambangmulyonoo
1.89577E+18,Sat Mar 01 09:24:21 +0000 2025,4065, BREAKING: KENAIKAN harga BBM per 1 Maret 2025. Ô∏è : ber.kendara [Instagram] NOOOO MY SHELL NAIK WAK https://t.co/Ptjgv2QDQ6,1.89577E+18,https://pbs.twimg.com/media/Gk8eFZZbIAAU-cq.jpg,,in,,102,366,256,https://x.com/idextratime/status/1895767054038512109,1.22293E+18,idextratime
1.89531E+18,Fri Feb 28 02:49:30 +0000 2025,10,Ron 90 Tidak Mungkin Naik Jadi Ron 92 Pertamax? Kalau pun dipakai zat addictive itu hanya untuk menambah value. Itu yang diketahui oleh Ingrid Siburian Presdir PT. Shell Mobility Indonesia. Pertamina gimana? #DanantaraKaramkanNKRI #DanantaraKaramkanNKRI https://t.co/IIz3WsmxPq,1.89531E+18,https://pbs.twimg.com/amplify_video_thumb/1895305155614253058/img/-zdP7gNDUCiyqPv1.jpg,,in,,0,1,6,https://x.com/Zay34562/status/1895305295716606133,1.54106E+18,Zay34562
1.90063E+18,Fri Mar 14 19:45:49 +0000 2025,0,Sebagai konsumen Shell. GUE BENCI BANGET SAMA PEMERINTAH INDONESIA KONOHA INI YANG LAMA ACC SHELL MASUK INDO. Tolol kalian pemerintah. PERTAMINA AJA DIREKSINYA KORUP NAN BANGSAT SEMOGA MEREKA DAN KETURUNANNYA DIKUTUK SEMUA KETURUNANNYA UNLESS MEREKA TERIMA YESUS SBG TUHAN!!!!!!,1.90063E+18,,,in,Now in LA,0,0,0,https://x.com/simsblast/status/1900634493138202960,1.83049E+18,simsblast
1.89807E+18,Fri Mar 07 17:40:33 +0000 2025,0,Shell Indonesia mengakui bhw kesulitan mengurus perizinan impor BBM merupakan salah satu penyebab kelangkaan BBM di SPBU miliknya. Menimbulkan pertanyaan apakah kesulitan Shell dalam mengurus perizinan impor BBM merupakan indikasi adanya monopoli dlm industri BBM di Indonesia? https://t.co/qk0fzNRowh,1.89807E+18,https://pbs.twimg.com/ext_tw_video_thumb/1898066167203610626/pu/img/xlxa9tC1MLbTw3Sr.jpg,,in,"DKI Jakarta, Indonesia",0,0,0,https://x.com/Rudy_Komunita/status/1898066251857248353,3164520774,Rudy_Komunita
1.89655E+18,Mon Mar 03 13:20:51 +0000 2025,6,yang ngoplos : pertamina yang disidak : shell yang pengen investor asing banyak invest di indonesia : pemerintah yang bikin investor asing susah/malas investasi ke indo : pemerintah+ormas hotel : trivago mission impossible : final reckoning,1.89655E+18,,,in,,0,0,0,https://x.com/modernwestjava/status/1896551344770826329,2596605264,modernwestjava
1.89732E+18,Wed Mar 05 16:14:33 +0000 2025,2273,Direksi Shell Tiba-Tiba Mengundurkan Diri Ada Apa? https://t.co/3Po051huGK,1.89732E+18,,,in,Indonesia,81,273,506,https://x.com/geloraco/status/1897319833517351301,3319260420,geloraco
1.8985E+18,Sun Mar 09 03:58:15 +0000 2025,3298,@biasalahanakmud Dear @Shell Mohon untuk dibangun SPBU Shell di sepanjang pantura Jawa &amp; sepanjang tol Trans Jawa. Terima kasih ,1.89858E+18,,biasalahanakmud,in,Indonesia,13,45,170,https://x.com/ketan_juruh/status/1898584087373467966,50495840,ketan_juruh
1.89646E+18,Mon Mar 03 07:05:00 +0000 2025,1,Per 1 Maret 2025 beberapa stasiun pengisian bahan bakar umum (SPBU) di Indonesia melakukan penyesuaian harga bahan bakar minyak (BBM). Berikut ringkasan perbandingan harga BBM di SPBU Pertamina Shell BP AKR dan Vivo. #berita #bbm #vivo #pertamina #shell #bpakr #mobil123 https://t.co/kPG5KDHkEw,1.89646E+18,https://pbs.twimg.com/ext_tw_video_thumb/1896372286745366528/pu/img/hYLmOsVq43_H81bj.jpg,,in,Jakarta,0,0,0,https://x.com/Mobil123ID/status/1896456758794813440,1689977792,Mobil123ID
1.89572E+18,Sat Mar 01 06:15:00 +0000 2025,0,Sebelumnya ramai masyarakat yang menyatakan beralih menggunakan Shell usai adanya kasus korupsi Pertamina yang diikuti dugaan BBM oplosan Pertalite menjadi Pertamax. https://t.co/w8JAASVxVq,1.89572E+18,,,in,Jakarta - Indonesia,1,0,0,https://x.com/mediaindonesia/status/1895719399669318058,68930552,mediaindonesia
1.89561E+18,Fri Feb 28 22:44:26 +0000 2025,862,Surat terbuka untuk SHELL BP VIVO TOLONG kalian PERBANYAK LAGI tempat pengisian ke provinsi lain di Indonesia ya!!,1.89561E+18,,,in,"El Puerto de Santa Mar√≠a, Espa",10,327,143,https://x.com/wayangtl/status/1895606010578117020,1.47912E+18,wayangtl
1.89973E+18,Wed Mar 12 08:02:41 +0000 2025,0,Lonjakan permintaan BBM membuat beberapa SPBU Shell di Jakarta mengalami kekosongan stok terutama untuk varian Shell V-Power RON 95 dan Nitro+. President Director Shell Indonesia Ingrid Siburian memastikan pihaknya sedang berupaya mendistribusikan BBM ke seluruh SPBU agar https://t.co/aUT7Mmt7dZ,1.89973E+18,https://pbs.twimg.com/amplify_video_thumb/1899732705878634496/img/BR34klcYADhLoKXK.jpg,,in,Indonesia,0,0,0,https://x.com/Gtid_news/status/1899732767631630793,1.88556E+18,Gtid_news
1.89732E+18,Thu Mar 06 03:19:10 +0000 2025,704,@Jumianto_RK Engga kaget lagi besok tiba- tiba Shell ada kasus nanti. Ini pemerintah dan jajarannya mereka yg salah malah cari kambing hitam. Pertamina aja cuman minta maaf .lah ini gimana ceritanya direksinya shell yg ngundurin diri? Pihak pertamina yg salah malah kocak hanya di indonesia,1.89749E+18,,Jumianto_RK,in,,1,7,34,https://x.com/anomyhae/status/1897487088762900688,1.45006E+18,anomyhae
1.89576E+18,Sat Mar 01 09:14:32 +0000 2025,463,@ARSIPAJA karena prabowo memang juga menikmati bensin oplosan jadi dia sudah tahu bensin sampah produk pertamina makanya prabowo selalu isi bensin di shell gulingkan saja prabowo gibran rakyat selalu dikibulin prabowo gibran jokowi aguan saja bebas tohindonesia dijajah oligarki,1.89576E+18,,ARSIPAJA,in,"Jl. Sebatik 10, Samarinda",0,0,12,https://x.com/tedy_ang_/status/1895764582297403656,1019026466,tedy_ang_
1.89613E+18,Sun Mar 02 12:07:31 +0000 2025,3,@StefanAntonio__ @Shell @bp_Indonesia Kota Medan terbesar se Indonesia setelah Jakarta dan Surabaya aja kagak punya SPBU Shell lagi. Tanya kenapa... https://t.co/WTmCOkir7y,1.89617E+18,https://pbs.twimg.com/tweet_video_thumb/GlCNBCRbMAAf0Jv.jpg,StefanAntonio__,in,Medan,0,0,0,https://x.com/lupadiri0_0/status/1896170500554174588,1.54961E+18,lupadiri0_0
1.89567E+18,Sat Mar 01 02:54:04 +0000 2025,0,Andai pom bensin Shell ada di setiap kabupaten/kota di Indonesia,1.89567E+18,,,in,Indonesia,0,0,0,https://x.com/eksternet/status/1895668835421962412,9.55754E+17,eksternet
1.90041E+18,Fri Mar 14 04:58:53 +0000 2025,0,Terbatas Sob ! Kapan lagi ganti oli mesin mulai 380 ribuan! Nikmati ‚¨á Paket Service Berkala + Oli mesin Shell + Chemical mulai 870 ribuan. Paket Tune up + Oli mesin Shell mulai 580 ribuan. Paket Ganti Oli Mesin + Oli mesin Shell mulai 380 ribuan. https://t.co/xxTKgTLnQo,1.90041E+18,https://pbs.twimg.com/ext_tw_video_thumb/1900411256957542400/pu/img/r0vNr08dN-Sqqp72.jpg,,in,klik www.carfix.co.id,0,1,0,https://x.com/CARfixIndonesia/status/1900411288452477204,2529152660,CARfixIndonesia
1.89762E+18,Thu Mar 06 16:02:00 +0000 2025,89,@CNNIndonesia CNN media penyefonk rezim kan ya? Pantesan judulnya selalu mancing huhu hara dalam negeri padahal itu bukan Shell Indonesia,1.89768E+18,,CNNIndonesia,in,East Sumatera,0,2,0,https://x.com/percivalvino/status/1897679063806083429,9.8292E+17,percivalvino
1.89603E+18,Sun Mar 02 02:37:22 +0000 2025,0,Ayo buat petisi untuk para SPBU swasta (Shell Vivo dkk) supaya memperbanyak armadanya di berbagai daerah lain di Indonesia!,1.89603E+18,,,in,"Palembang, South Sumatra",0,0,0,https://x.com/azcabeth/status/1896027019059872124,1.68025E+18,azcabeth
1.89625E+18,Sun Mar 02 17:18:43 +0000 2025,1,Ingrid Siburian (Shell Indonesia President Director &amp; Country Chair): Penambahan Zat Aditif pada Bahan Bakar Tidak Menyebabkan Ron 90 Menjadi Ron 92 @ Rapat bersama Komisi 7 DPR RI Senayan Jakarta (26/02/25) https://t.co/STxvSQlwis,1.89625E+18,,,in,Palembang - Surabaya - Jakarta,0,0,0,https://x.com/saparasimta/status/1896248819802874194,1.53507E+18,saparasimta
1.89642E+18,Mon Mar 03 04:32:45 +0000 2025,6,meskipun gak mengejutkan kalo bbm shell di malaysia dapet subsidi juga krn jumlah produksi minyak mereka lebih tinggi dari indonesia (per capita) tapi tetep aja kek.. ayolah pertamina berikan sesuatu yg lebih baik untuk masyarakat indonesia kalo kalah jgn kalah jauh lah..,1.89642E+18,,,in,,0,0,0,https://x.com/theluckiestboy/status/1896418445086110060,1.07509E+18,theluckiestboy
1.89972E+18,Wed Mar 12 23:50:22 +0000 2025,30,@Jateng_Twit Di Jatim pun hanya bagian sisi timur yang ada pas tak goleki alasane opo kok Jawa Tengah blas ora ono akhire nemu: Di Jawa Timur Shell memiliki jaringan SPBU yang cukup luas terutama di kota-kota besar seperti Surabaya Malang dan sekitarnya. Ekspansi ini didukung oleh https://t.co/xzEMCfCl1z,1.89997E+18,https://pbs.twimg.com/media/Gl4NyXkbYAE4Eon.jpg,Jateng_Twit,in,kimjongilsung.korea@gmail.com,4,4,2,https://x.com/kimjongilsung/status/1899971259435450406,98415488,kimjongilsung
1.89652E+18,Mon Mar 03 11:34:19 +0000 2025,0,Dulu Pertamina memiliki Nicke Widyawati sebagai Direktur Dtama. Masih dari kaum perempuan Shell Indonesia juga memiliki Ingrid Siburianyang menjabat Presiden Direktur. https://t.co/Ahz5ZfQeCf,1.89652E+18,https://pbs.twimg.com/media/GlHPAdrboAEDAue.jpg,,in,"DKI Jakarta, Indonesia",0,1,0,https://x.com/Olenka_News/status/1896524536818143526,1.74021E+18,Olenka_News
1.89647E+18,Mon Mar 03 08:09:00 +0000 2025,1,Harga BBM di SPBU Indonesia kembali disesuaikan per Maret 2025. Pertamina Dex turun jadi Rp 14.600/L Dexlite Rp 14.300/L. BBM lain tetap. Sementara itu BBM Shell naik seperti Shell Super jadi Rp 13.590/L. #carmudi #shell #pertamina #vivo #bpakr #bbm #beritaterkini https://t.co/TKM17u65My,1.89647E+18,https://pbs.twimg.com/media/GlFMGl6WQAIIofq.jpg,,in,"Jakarta, Indonesia",0,0,0,https://x.com/Carmudi_ID/status/1896472864645161135,2241947264,Carmudi_ID
1.89744E+18,Thu Mar 06 00:17:10 +0000 2025,24,Clickbait. Shell global ya netijen. Bukan Indonesia. Alasannya? Efisiensi di tingkat pimpinan.,1.89744E+18,,,in,,0,2,9,https://x.com/perupadata/status/1897441287667913056,1.25612E+18,perupadata
1.89606E+18,Sun Mar 02 04:29:00 +0000 2025,2,Ramainya isu pengoplosan BBM jenis Pertamax membuat masyarakat kecewa dan memilih untuk beralih dari Pertamina ke SPBU Shell https://t.co/6D9zJnTUvN,1.89606E+18,,,in,Jakarta,0,0,0,https://x.com/okezonenews/status/1896055112210268368,47274731,okezonenews
1.89718E+18,Wed Mar 05 06:49:25 +0000 2025,23,Kenapa harus malu pake Shell? padahal Shell mensponsori atlet berbakat dari Indonesia juara dunia balapan Karting namanya Chairul Latief https://t.co/hogmuWSqqG,1.89718E+18,https://pbs.twimg.com/media/GlQgacUa8AARn-4.jpg,,in,A tiny place deep in your üíõ,0,5,2,https://x.com/madeltangapung/status/1897177614558879784,322430484,madeltangapung
1.89537E+18,Fri Feb 28 07:10:39 +0000 2025,0, bisa dicoba buat penduduk kabupaten yg muak dengan monopoli si merah sekaligus mendesak agar @shell dan @bp_Indonesia mau buka cabang di seluruh Indonesia,1.89537E+18,,,in,Health Administration/Adminkes,0,0,0,https://x.com/lizlisica/status/1895371015921991732,1.38102E+18,lizlisica
1.90109E+18,Sun Mar 16 02:09:19 +0000 2025,2,Shell sekarang antri dobelnya. Antri isi sama antri bayar HAHAHA https://t.co/7uoncfB7cQ,1.90109E+18,https://pbs.twimg.com/media/GmIKWc8a8AAkyFX.jpg,,in,"Jakarta Capital Region, Indone",0,1,0,https://x.com/untilushattered/status/1901093388696645684,938550422,untilushattered
1.89547E+18,Fri Feb 28 13:34:42 +0000 2025,1,pls shell ada di seluruh indonesia dong di kota (kecil) ku blm adaaaa,1.89547E+18,,,in,di dekapan lino,0,0,0,https://x.com/bleupriint/status/1895467664761659583,1.47031E+18,bleupriint
1.89683E+18,Tue Mar 04 07:59:05 +0000 2025,1,Monitor Pasar OJK Tunda Short Shell &amp; Kaji Opsi Buyback Tanpa RUPS https://t.co/KVKAwKZJgZ,1.89683E+18,,,in,Jakarta Capital Region,0,0,0,https://x.com/cnbcindonesia/status/1896832757399179457,8.47373E+17,cnbcindonesia
1.89901E+18,Mon Mar 10 08:17:24 +0000 2025,0,Andai shell udah menyeluruh ada di Indonesia :(,1.89901E+18,,,in,gak seiman alias beda agama üò≠,0,0,0,https://x.com/cukupsetia/status/1899011694657224767,1.44825E+18,cukupsetia
1.90002E+18,Thu Mar 13 03:06:03 +0000 2025,1,Selama di Jkt selalu isi Shell begitu stay di Bali dengan sangat berat hati dan terpaksa harus balik lg ke si Merah krn gak ada Shell,1.90002E+18,,,in,Jakarta Capital Region,0,1,0,https://x.com/itsmemau____/status/1900020505643720838,1.40206E+18,itsmemau____
1.89626E+18,Sun Mar 02 17:48:05 +0000 2025,0,ikut kena urusan sama kita konsumen apaan anjing? lo liat dulu noh BP sama Shell sepi juga kaga ada dibuat konten adu nasib anjing gue malah berharap ni BUMN bangkrut sebangkrut bangkrutnya ET diarak keliling indonesia sekalian sama pegawai front liner mereka dapet kerjaan baru,1.89626E+18,,,in,"Jakarta Capital Region, Indone",0,0,0,https://x.com/kapitanbambooe/status/1896256209503781021,1.79751E+18,kapitanbambooe
1.89599E+18,Sun Mar 02 00:02:40 +0000 2025,2,Ramainya isu pengoplosan BBM jenis Pertamax membuat masyarakat kecewa dan memilih untuk beralih dari Pertamina ke SPBU Shell https://t.co/6D9zJnTUvN,1.89599E+18,,,in,Jakarta,0,0,0,https://x.com/okezonenews/status/1895988087916057057,47274731,okezonenews
1.89641E+18,Mon Mar 03 04:04:56 +0000 2025,0,Perbandingan Harga BBM di SPBU Pertamina Shell BP &amp; Vivo https://t.co/iV1pm6DZas,1.89641E+18,,,in,Jakarta Capital Region,0,0,0,https://x.com/cnbcindonesia/status/1896411442410406170,8.47373E+17,cnbcindonesia
1.89604E+18,Sun Mar 02 03:11:24 +0000 2025,8,Ada yang menulis alasan Harga BBM diIndo mahal dibandingkan negara-negara Asean karena Indonesia tidak mampu memenuhi Kebutuhan Minyak Mentah dan Gas yang dihasilkan oleh Kontraktor Kontrak Kerja Sama (Lifting) Vivo BP Shell Total Exxon juga tidak Punya Sumur Minyak #hening,1.89604E+18,,,in,"Hazelwood Court, Flinders View",1,2,4,https://x.com/asboediono_id/status/1896035585208566234,7.80554E+17,asboediono_id
1.89639E+18,Mon Mar 03 02:24:53 +0000 2025,1,ayok @Shell ini saat yg tepat dan momentum utk membuka SPBU sebanyak2nya di Indonesia dan lbh OK lg lokasinya sebelahan sama spbu pertamina. kalo harga batas bawah gk diatur sama pemerintah @MyPertaminaID 1 bulan juga kolaps.,1.89639E+18,,,in,,0,1,0,https://x.com/jametkunx/status/1896386266457079917,1.70029E+18,jametkunx
1.89578E+18,Sat Mar 01 10:26:19 +0000 2025,0,Jawabanku sama. 1&amp;2 sama Dan aku baru tau klo ada pom bensin swasta. Kirain di indonesia cuma ada pertamina doang. Gak tau apa itu shell Gak ada pilihan lain selain ke pertamina ,1.89578E+18,,,in,"Bali, Indonesia",0,0,0,https://x.com/cila_tata/status/1895782648058135021,1.83631E+18,cila_tata
1.89858E+18,Sun Mar 09 03:39:36 +0000 2025,0,Semoga didengar oleh direksi @Shell indonesia semoga cepet buka lah di Area DIY dan Jawa Tengah. Ya ndak mas @muktiahmad56 ?,1.89858E+18,,,in,,0,2,0,https://x.com/NewsuriTeladan/status/1898579397449261422,1.56919E+18,NewsuriTeladan
1.89717E+18,Thu Mar 06 07:40:47 +0000 2025,5,@Sulaya_tweet @KangManto123 @pertamina Revisi: yang mundur direktur shell pusat bukan direktur shell Indonesia.,1.89755E+18,,Ar_910,in,solo,0,0,0,https://x.com/Ar_910/status/1897552928023699862,243998004,Ar_910
1.8998E+18,Thu Mar 13 14:43:12 +0000 2025,3,@txtdrimedia Disini terbukti Masyarakat indonesia khususnya di kota besar sebetulnya pny kemampuan finansial bagus. Lha pertamax 92 sm shell super 92 bedanya 700 perak aja dibeli. Ngakunya rugi¬≤ mulu giliran kayak kyk gini bukannya seneng ngurangin subsidi malah tantrum.,1.9002E+18,,txtdrimedia,in,,0,0,0,https://x.com/wahyujo123/status/1900195946262339700,1.45661E+18,wahyujo123
1.89972E+18,Thu Mar 13 20:31:21 +0000 2025,0,@Jateng_Twit Pls lah yg tutup itu pertamina aja biarkan shell berkembang di Indonesia ,1.90028E+18,,Jateng_Twit,in,,0,0,0,https://x.com/Quaze03/status/1900283563058356291,1.53161E+18,Quaze03
1.90042E+18,Fri Mar 14 05:15:06 +0000 2025,10,Pompa bensin milik Shell Bataafsche Petroleum Maatschappij di Metro pusat koloni pertanian Jawa di Distrik Lampung sekitar tahun 1940 Sc: FB Bintoro Hoepoedio https://t.co/3avYUvu0XT,1.90042E+18,https://pbs.twimg.com/media/Gl-hswBakAAfGtC.jpg,,in,Jakarta Capital Region,0,1,1,https://x.com/el_jastip/status/1900415367261868471,1.64469E+18,el_jastip
1.89868E+18,Sun Mar 09 12:21:03 +0000 2025,0,@van_168 @WuBlockchain Penjelasan dalam bahasa Indonesia: Binance menemukan pelanggaran oleh market maker yang menangani GoPlus Security (GPS) dan MyShell (SHELL). Market maker ini dikeluarkan dari platform dilarang beraktivitas lagi dan keuntungannya disita. Dana itu akan digunakan untuk ganti rugi,1.89871E+18,,van_168,in,wherever you are,0,0,0,https://x.com/grok/status/1898710621916377390,1.72067E+18,grok
1.89528E+18,Fri Feb 28 01:07:40 +0000 2025,0,Literally 2 pom Shell dekat rumahku langsung ramai dan sebaliknya untuk Putangina. Semoga Shell nggak betulan efisiensi bisnisnya di Indonesia.,1.89528E+18,,,in,The diary of Tiara. (25+) üçéüê¶,0,1,0,https://x.com/hertapologist/status/1895279671090257950,3155373284,hertapologist
1.89731E+18,Fri Mar 07 16:02:05 +0000 2025,1,@okezonenews Beda ya Shell Indonesia dengan Shell Global https://t.co/DThquDRdQg,1.89804E+18,https://pbs.twimg.com/media/GlcypscbwAcls-n.jpg,okezonenews,in,"Rangkasbitung, Indonesia",0,0,1,https://x.com/MisbahWiyono/status/1898041472211206439,2248056396,MisbahWiyono
1.89573E+18,Sat Mar 01 06:44:28 +0000 2025,0,Negeri para BAJINGAN Boro-Boro ada Niat BERTOBAT Udah ditangkep Koruptornya MEREKA MALAH MAKIN JAHAT Rekaman Video dibawah ini BUKTI nya ! Yg bermasalah PERTAMINA yang DISIDAK SHELL lalu MEMBANGUN NARASI FITNAH ATAS BISNIS ORANG LAIN YANG BER INVESTASI DI INDONESIA !!! https://t.co/vgLPIP6Jxl,1.89573E+18,https://pbs.twimg.com/ext_tw_video_thumb/1895725943945117696/pu/img/4glIVEbKIKqL24ev.jpg,,in,Jakarta Pusat,0,0,0,https://x.com/WeKa_Ronin/status/1895726816670941295,1.3833E+18,WeKa_Ronin
1.89686E+18,Tue Mar 04 09:54:45 +0000 2025,1,Tolong shell buka untuk 83.971 kelurahan di Indonesia ,1.89686E+18,,,in,,0,0,0,https://x.com/Astan_na/status/1896861864140906811,1.36659E+18,Astan_na
1.90095E+18,Sat Mar 15 16:40:01 +0000 2025,0,beberapa hari lalu isi bensin di shell ada ibu2 ga sabar klakson2 pas operator lg melayani pembeli lain. dibalesin operator suruh pindah ke pertamina aja. dimana2 mah disuruh ke yg lebih mahal biar ga antri ini malah disuruh ke yg lebih murah ,1.90095E+18,,,in,crossroad,0,1,0,https://x.com/hilmitan/status/1900950121984258312,51467707,hilmitan
1.89762E+18,Thu Mar 06 12:17:23 +0000 2025,764,@CNNIndonesia Sebelum pada kepancing portal media clickbait dengan headline murahan: Ini Shell Global UK based.,1.89762E+18,,CNNIndonesia,in,,0,4,65,https://x.com/Nobunyaga/status/1897622537921560944,1.57059E+18,Nobunyaga
1.89666E+18,Mon Mar 03 20:44:34 +0000 2025,7,Shell Indonesia mengatakan kelangkaan BBM di pompa-pompa bensinnya belum lama ini dikarenakan lambatnya izin pemerintah untuk impor BBM. Permohonan diajukan sejak September 2024 tetapi baru disetujui Januari 2025 menyebabkan stok habis di beberapa SPBU. Menurut menteri ESDM https://t.co/oNyxwbBfu6,1.89666E+18,https://pbs.twimg.com/media/GlJM8qYaEAAPEx5.jpg,,in,Kebon Kosong,0,1,2,https://x.com/lambepaklurah/status/1896663007985607129,1.29451E+18,lambepaklurah
1.89694E+18,Tue Mar 04 14:46:49 +0000 2025,13,Yg sakit oplos minyak itu Pertamina ya jelas Shell baik2 saja. Lagian bawa samplingnya test forensik dilembaga pengujian bahan bgmn komposisi kimianya? Jika Ron 90 diakui Pertamax berani itu nipu. Trending Topic in Indonesia #PeoplePowerBasmiKoruptor #AdiliJokowiAtauRevolusi2025,1.89694E+18,,,in,,0,2,10,https://x.com/AdiliJokow1__/status/1896935367187824711,1.85638E+18,AdiliJokow1__
1.89859E+18,Sun Mar 09 06:55:04 +0000 2025,815,@jusseldri Yah yang buat akun ini asli Medan juga sih. Lagian ini SPBU Shell tutup serentak Mei 2024 kemarin lho.,1.89863E+18,,jusseldri,in,"Pondok Cina, Depok",3,8,11,https://x.com/neohistoria_id/status/1898628587705545008,1.49533E+18,neohistoria_id
1.89715E+18,Wed Mar 05 04:49:03 +0000 2025,0,Direksi Shell Tiba-Tiba Mengundurkan Diri Ini Penyebabnya https://t.co/O1rBLRQuK5,1.89715E+18,,,in,Jakarta Capital Region,0,0,0,https://x.com/cnbcindonesia/status/1897147323450638763,8.47373E+17,cnbcindonesia
1.89929E+18,Tue Mar 11 04:21:39 +0000 2025,49,@StefanAntonio__ @Shell @bahlillahadalia Shell sebetulnya bisa make kekuatan jabatannya buat ngancam rezim dengan menarik investasinya dari Indonesia mengingat Indonesia sendiri membutuhkan investasi besar2an untuk melanjutkan membangun proyek IKN rezim.,1.89931E+18,,StefanAntonio__,in,,0,1,3,https://x.com/Axpo25/status/1899314754830930284,1.78619E+18,Axpo25
1.89619E+18,Mon Mar 03 03:05:16 +0000 2025,4101,@MorphoMenelausX Tapi jauuuuh sebelum kasus oplosan Shell emang ngerawat stray cats dan dikasih makan rutin makanya gendut-gendut kerawat. Beberapa dipakein baju seragam Shell gitu ada juga dikalungin gemes pokoknya,1.8964E+18,,MorphoMenelausX,in,earth,19,23,226,https://x.com/poeankelana/status/1896396429985546669,1.13846E+18,poeankelana
1.9003E+18,Thu Mar 13 21:32:09 +0000 2025,1,Sebagai warga Kediri aku cukup bersyukur karena Shell ada di Kediri dan satu-satunya SPBU Shell di Kediri ada di kecamatanku,1.9003E+18,,,in,,0,4,0,https://x.com/capaniie/status/1900298862306484293,1.60284E+18,capaniie
1.89731E+18,Wed Mar 05 15:47:37 +0000 2025,436,Direksi Shell Tiba-Tiba Mengundurkan Diri Ada Apa? https://t.co/hDiv3L0DRe,1.89731E+18,,,in,Jakarta,41,74,113,https://x.com/okezonenews/status/1897313055320760672,47274731,okezonenews
1.898E+18,Fri Mar 07 13:00:00 +0000 2025,0,Direktur Shell Resmi Mengundurkan Diri Ada Perombakan https://t.co/Ez65PvbchA,1.898E+18,,,in,,0,0,0,https://x.com/Fortune_IDN/status/1897995649469354020,1.38002E+18,Fortune_IDN
1.89616E+18,Sun Mar 02 11:17:10 +0000 2025,609,Heboh! Beredar Video Owner SPBU Shell Dengan Ramah Layani Pelanggan di SPBUnya Netizen Ramai Ramai Meminta Agar Shell Buka SPBU Diberbagai Kota Di Indonesia.,1.89616E+18,,,in,"Bima Sakti, Bumi, Indonesia",5,33,236,https://x.com/abu_waras/status/1896157832246092147,2905814730,abu_waras
1.89753E+18,Thu Mar 06 06:04:41 +0000 2025,0,Padahal ini berita ttg HQ nya Shell bukan Shell Indonesia ,1.89753E+18,,,in,where you can't follow,0,0,0,https://x.com/HanaBarano/status/1897528744405032979,1.56379E+18,HanaBarano
1.89732E+18,Thu Mar 06 04:37:23 +0000 2025,2,@Jumianto_RK Shell Global bukan Shell Indonesia emang gak tahu apa sengaja bikin blunder?,1.89751E+18,,Jumianto_RK,in,Jakarta,0,0,0,https://x.com/kura2giok/status/1897506774879764647,58405028,kura2giok
1.89854E+18,Sun Mar 09 00:45:00 +0000 2025,0,Kenapa POM @Shell di sukomulyo manyar Gresik - Indonesia tutup yaa? Berharap bisa kembali buka Atau barangkali ada yg tau alasannya?,1.89854E+18,,,in,Twitland,0,0,0,https://x.com/hesticy/status/1898535454527693146,64661530,hesticy
1.89731E+18,Thu Mar 06 06:54:40 +0000 2025,20,@okezonenews Buat netizen yg malas buka linknya direksi Shell yg mundur ini di kantor pusat Shell di Belanda bukan direksi Shell Indonesia... https://t.co/wLQ082Dpgc,1.89754E+18,https://pbs.twimg.com/media/GlVrxzEa4AE7NLH.jpg,okezonenews,in,In her dream...,0,2,2,https://x.com/ferizandra/status/1897541323789623603,80559922,ferizandra
1.89549E+18,Fri Feb 28 15:03:37 +0000 2025,0,direksi shell Indonesia pas kasus ini meledak keknya mereka langsung adain rapat dadakan ye wkwk kesempatan emas,1.89549E+18,,,in,,0,0,0,https://x.com/kpbskpps/status/1895490045362253887,1.50758E+18,kpbskpps
1.89538E+18,Fri Feb 28 08:10:48 +0000 2025,7734,@Widino Masih dong waktu hari rabu isi bensin masih sepi tadi pagi isi bensin udah ramai antrian motor bahkan mobil juga. Awal isi bensin di shell itu bayar tunai. Kalau nominalnya jadi 35.800 gak dibulatkan ke 36.000 haha. Beneran dikembaliin sesuai nominal kembalian.,1.89539E+18,,Widino,in,Jepang,57,26,177,https://x.com/anandaanisar/status/1895386152909316171,443422817,anandaanisar
1.89894E+18,Mon Mar 10 03:41:33 +0000 2025,0,Hanya mau memberi saran dan masukan buat @Shell di indonesia..coba disediakan petugas atau konter pembayaran di setiap baris pengisian BBM nya dalam SPBU..masa satu SPBU hanya ada satu konter pembayaran.,1.89894E+18,,,in,you never walk alone,0,0,0,https://x.com/Mas_Hario/status/1898942272563224693,1358596364,Mas_Hario
1.89816E+18,Fri Mar 07 23:34:59 +0000 2025,0,Lah?? Cek kualitas di lapangan harusnya emang masuk SOP. @Shell Indonesia aja pas ketemu komisi xii kemarin udah bilang mereka melakukan pengecekan rutin pengecekan.,1.89816E+18,,,in,,0,0,0,https://x.com/RioFl4/status/1898155449784189080,1.76401E+18,RioFl4
1.89875E+18,Sun Mar 09 14:58:55 +0000 2025,0,Misal Shell habis gara gara dicurangi jangan lupa pindah VIVO. Yg punya kan org terkuat di Indonesia. Ga mungkin habis,1.89875E+18,,,in,"Bekasi Timur, Indonesia",0,2,0,https://x.com/YwdhMwDypyn/status/1898750350892609860,1.4344E+18,YwdhMwDypyn
1.90064E+18,Fri Mar 14 19:51:20 +0000 2025,0,INI JUGA BERLAKU BAGI MEREKA YANG MEMPERSULIT MASUKNYA BBM SHELL KE INDONESIA!!!!! KASIAN ANJIR PEGAWENYA NGANGGUR!!!!!!! TERKUTUK YA KALIAN PEMERINTAH INDONESIA YANG MEMPERSULIT HIDUP MASYARAKAT INDO!!!!! SEMOGA KALIAN DAN KETURUNAN JADI MISKIN DAN TUHAN BALIKIN KITA YG JD KAYA,1.90064E+18,,simsblast,in,Now in LA,0,0,0,https://x.com/simsblast/status/1900635878973964521,1.83049E+18,simsblast
1.8998E+18,Wed Mar 12 14:09:57 +0000 2025,1,@txtdrimedia Di Bali ga ada Shell!!! Coba buka lahhh,1.89983E+18,,txtdrimedia,in,"Bali, Indonesia",0,1,0,https://x.com/Ambil2Bayar1/status/1899825191917957126,2298531373,Ambil2Bayar1
1.89784E+18,Fri Mar 07 02:35:24 +0000 2025,0,Direksi Shell Tiba-Tiba Mengundurkan Diri Ada Apa? https://t.co/VboG8ShR1b,1.89784E+18,,,in,Jakarta Capital Region,0,0,0,https://x.com/cnbcindonesia/status/1897838465141948702,8.47373E+17,cnbcindonesia
1.89999E+18,Thu Mar 13 00:45:36 +0000 2025,0,Guys pengguna shell reward ini tuh gimana ya? https://t.co/FazoVM4UHB,1.89999E+18,https://pbs.twimg.com/media/Gl4aawKb0AAOulF.jpg,,in,"Bandung, Jawa Barat",0,0,0,https://x.com/sriyanti348/status/1899985158557876433,1164633516,sriyanti348
1.89976E+18,Wed Mar 12 09:53:39 +0000 2025,2,Gile nerbener 50% antrian pertamina mampang pindah ke shell mampang sekarang. SYARRLL LEKLEERRKHHH,1.89976E+18,,,in,,0,1,0,https://x.com/wargadago/status/1899760692074262946,69873600,wargadago
1.8954E+18,Fri Feb 28 10:15:58 +0000 2025,163,@MurtadhaOne1 Dagelan @DPR_RI mau cari2 kesalahan supaya bisa dapat cuan dari @Shell Indonesia modus woiii modus,1.89542E+18,,MurtadhaOne1,in,Cibubur Pinggiran,0,0,17,https://x.com/GhCarlo/status/1895417654250533306,1.01802E+18,GhCarlo
1.89751E+18,Thu Mar 06 05:02:49 +0000 2025,0,Shell plc induknya Shell Indonesia. Jadi direksi yg pusatnya resign bukan Shell Indonesianya teliti lagi deh ,1.89751E+18,,,in,Pitcairn Islands,0,0,0,https://x.com/Muhzelandi/status/1897513172950720650,231617342,Muhzelandi
1.89574E+18,Sat Mar 01 07:20:58 +0000 2025,1,Cuma di SPBU @pertamina @MyPertaminaID Kencing Bayar Tambah Angin Bayar Musholla Kotor BBM oplosan itu nggak pernah saya temukan di SPBU @Shell @vivo_indonesia @bp_plc,1.89574E+18,,,in,Kota Patriot,0,2,1,https://x.com/SayurLodehBTW2/status/1895736001643102459,7.59159E+17,SayurLodehBTW2
1.89538E+18,Fri Feb 28 08:00:00 +0000 2025,0,Cara Buka Usaha SPBU Shell Harga dan Syarat Lengkapnya https://t.co/GCzPvHRvic,1.89538E+18,,,in,,0,0,0,https://x.com/Fortune_IDN/status/1895383435872739598,1.38002E+18,Fortune_IDN
1.90092E+18,Sat Mar 15 14:37:53 +0000 2025,0,Kondisi terkini shell sudirman sementara shell kebon kawung sedang menunggu kiriman @PRFMnews https://t.co/lumsdYygmh,1.90092E+18,https://pbs.twimg.com/media/GmFsFpXbcAAj711.jpg,,in,#Bandungjuara,0,0,0,https://x.com/ramdanichan/status/1900919385973551564,200837792,ramdanichan
1.89761E+18,Thu Mar 06 11:24:08 +0000 2025,1, Shell ga punya kilang di Indonesia Iya sih tapi sebelum Indonesia merdeka Shell punya kilang pertamanya di Kalimantan ,1.89761E+18,,,in,United Kingdom of Banten,0,0,0,https://x.com/adhams/status/1897609134008377500,14284867,adhams
1.89641E+18,Mon Mar 03 04:05:46 +0000 2025,4,Bisa bisa nanti Shell di stop pengiriman ke Indonesia .,1.89641E+18,,,in,Antartika gang 5,0,0,1,https://x.com/_aji_satrio_/status/1896411655200010620,2323532161,_aji_satrio_
1.8965E+18,Mon Mar 03 10:00:00 +0000 2025,0,Kok bisa sih tiba-tiba harga Shell BP dan Vivo naik tapi Pertamaxnya Pertamina enggak? Hmm... https://t.co/pnozTnUA2e,1.8965E+18,,,in,"Jakarta Capital Region, Indone",0,0,0,https://x.com/validnewsid/status/1896500799834124740,8.74558E+17,validnewsid
1.89573E+18,Sat Mar 01 06:52:29 +0000 2025,0,Naik Harga BBM Shell Super dan Shell V-Power Mulai Maret 2025 Pertamina Turunkan Harga Sebagian Shell Indonesia menaikkan harga bahan bakar minyak (BBM) jenis Shell Super yang semula dipatok Rp13.350 per liter pada Februari 2025 menjadi Rp13.590 per liter mulai hari ini 1 https://t.co/Ya4F3a3zVt,1.89573E+18,https://pbs.twimg.com/media/Gk7675DbwAA49ZO.jpg,,in,Jakarta Capital Region,0,0,1,https://x.com/akuratco/status/1895728833833418821,7.86549E+17,akuratco
1.89929E+18,Tue Mar 11 04:57:32 +0000 2025,0,@StefanAntonio__ @Shell @bahlillahadalia Nanti kalau ada investor yang hengkang dari Indonesia lagi .... bingung .... @prabowo @Gerindra,1.89932E+18,,StefanAntonio__,in,Purwokerto,0,0,0,https://x.com/Azis_abuHamzah/status/1899323785272336752,2500007743,Azis_abuHamzah
1.89966E+18,Wed Mar 12 15:29:20 +0000 2025,0,@bacottetangga__ Untung ngisi di Shell aman. Indikator bensin udah nyala tangki kapasitas 42L isi full ga sampe 40L (39 xx L),1.89985E+18,,bacottetangga__,in,+62 21,0,0,0,https://x.com/reremifasolasi/status/1899845169069081035,53692226,reremifasolasi
1.89732E+18,Tue Mar 11 23:30:05 +0000 2025,0,@Jumianto_RK Lah termakan sama postingan itu pdhl yg ingin mengundurkan diri bukan Direksi Shell Indonesia tapi Direktur Gas Terintegrasi dan Hulu Zoe Yujnovich. Dan sebelumnya Shell kelangkaan bbmnya dikarena mereka harus mengimpor BBM dari pusatnya dan masih terhalang dengan aturan indo https://t.co/Tz4xNdwr9S,1.8996E+18,https://pbs.twimg.com/media/Gly_jRpWcAAAash.jpg,Jumianto_RK,in,,0,0,0,https://x.com/manusiasesat_66/status/1899603766539915568,1.70499E+18,manusiasesat_66
1.90157E+18,Tue Mar 18 05:52:08 +0000 2025,26,@randyvrnd Swasta nya mau gk? Yg minnov tahu shell lg pending buka baru. BP ngincer nya di area sekitar bodetabek Vivo gk tahu.,1.90187E+18,,randyvrnd,in,"Jakarta Capital Region, Indone",0,1,1,https://x.com/innovacommunity/status/1901874240472879275,1.46618E+18,innovacommunity
1.89895E+18,Mon Mar 10 04:31:58 +0000 2025,4,Artinya PT Pertamina Patra Niaga benar melakukan penipuan terhadap konsumen!! Kog bisa Jaksa Agung mengatakan ini blending ? Tolak RUU Kejaksaan. https://t.co/fcvYtVpfNw Presiden Direktur dan Country Chair Shell Indonesia Ingrid Siburian ikut dicecar pertanyaan oleh salah https://t.co/Pvn73pmrRt,1.89895E+18,https://pbs.twimg.com/media/GlpxeUdbEAAOGEI.jpg,,in,Indonesia,1,0,4,https://x.com/sammi_ananta/status/1898954961679220955,1.38908E+18,sammi_ananta
1.89944E+18,Tue Mar 11 12:22:55 +0000 2025,0,Aditif tiap SPBU memang beda tapi... Semua BBM di Indonesia harus memenuhi standar minimal. Jadi meski Shell Pertamina BP atau Vivo punya formula berbeda perbedaannya tidak signifikan selama RON-nya sama.,1.89944E+18,,lo_myself7,in,,0,1,0,https://x.com/lo_myself7/status/1899435866877235201,1.569E+18,lo_myself7
1.89755E+18,Thu Mar 06 07:26:07 +0000 2025,6,Ini shell luar bukan Indonesia. Coba baca lagi isi artikel https://t.co/6MMzTMVC3g,1.89755E+18,https://pbs.twimg.com/media/GlVy-PyacAAvOJw.jpg,,in,,0,0,0,https://x.com/yourbaemezmes07/status/1897549234959958090,1.45695E+18,yourbaemezmes07
1.89948E+18,Wed Mar 12 00:32:07 +0000 2025,7,@intinyadeh Shell cepetan deh buka se Indonesia biar gua kaga ngisi bensi di pertamina lagi pas pulang kampung,1.89962E+18,,intinyadeh,in,,0,0,0,https://x.com/KucingKuning8/status/1899619376493703308,1.13272E+18,KucingKuning8
1.89534E+18,Fri Feb 28 05:23:06 +0000 2025,0,Malu-maluin ah @pertamina ini...Pertamax Turbo-nya kok menurut komunitas balap di Jambi juga cuma mentok di RON-92??? Ya...@Shell V-Power Nitro lah kalau begitu yang pas untuk mesin turbo! #BensinPertamina #IndonesiaCemas2045 #Indonesia #NKRI,1.89534E+18,,,in,"Jakarta, Indonesia",0,0,0,https://x.com/Adhi_Faiz/status/1895343951328292958,131439573,Adhi_Faiz
1.89759E+18,Thu Mar 06 10:02:18 +0000 2025,1,Woooyy direksi Shell pusat gak ada hubungn dengn di Indonesia ... Kebencian bener2 merusak otakmu kawan ..,1.89759E+18,,,in,,0,0,1,https://x.com/Merdeka2124/status/1897588539896082500,7.0141E+17,Merdeka2124
1.90127E+18,Sun Mar 16 13:55:58 +0000 2025,6,Gw dah 2 kali ngantri mulu di shell gegara si onoh korupsi. Padahal sebelumnya enak banget los dateng langsung ngisi. Di satu sisi ya bagus pom bensin ini bisa rame di satu sisi gw ngisi bengsin jadi kaga eksklusip ,1.90127E+18,,,in,,0,0,0,https://x.com/postsbyref/status/1901271225772781609,283361050,postsbyref
1.90016E+18,Thu Mar 13 12:28:22 +0000 2025,1,Shell mulai kumat lagi nih kayanya gua hari ini dua kali isi ga dapat Super atau Vpower adanya cuman Nitro bbrp tmen ojol yg pake Shell juga ngasih kabar serupa. lama¬≤ meledug ini Mio butut gua kebanyakan minum Nitro. https://t.co/Lgrdat9gZA,1.90016E+18,https://pbs.twimg.com/media/Gl67RyDakAEjnc7.jpg,,in,17412,0,0,0,https://x.com/Abubakr_Saliim/status/1900162017341956535,1.70548E+18,Abubakr_Saliim
1.89753E+18,Thu Mar 06 06:14:52 +0000 2025,0,BEDA dengan di Indonesia Sudah Berkasus Pun Tidak Mau Mundur Ini Sosok 2 Direktur Shell Undur Diri https://t.co/nzXwi57WGt via @tribunnews,1.89753E+18,,,in,"Medan, Indonesia",0,0,0,https://x.com/tribunmedan/status/1897531304557863134,142305302,tribunmedan
1.89957E+18,Wed Mar 12 17:16:39 +0000 2025,20,@eexxoo_7 Dulu gua setia sama pertamina karena ya support local brand semenjak banyak kejadian ini itu sorry to say but I moved to shell and they re better. Kami bisa aja setia tapi perbaiki kualitasnya dulu. Simple u got the money i got a good products,1.89987E+18,,eexxoo_7,in,,0,3,0,https://x.com/def_redhood/status/1899872175001395516,1.09457E+18,def_redhood
1.90018E+18,Thu Mar 13 13:43:10 +0000 2025,0,Metode pembayaran yang di dukung shell indonesia https://t.co/IEHBIRCRI7,1.90018E+18,,,in,,0,0,0,https://x.com/raelisme/status/1900180838563942429,2283057404,raelisme
1.9002E+18,Thu Mar 13 14:59:16 +0000 2025,1,Isi bensin di shell sekarang udah kayak isi di spbu-tukang-tipu-meteran-dispenser itu yg inisialnya pertamina. Emg nyusahin lu @pertamina,1.9002E+18,,,in,,0,0,0,https://x.com/Osv17/status/1900199989558861995,217968966,Osv17
1.90125E+18,Sun Mar 16 12:12:07 +0000 2025,0,oh ini mah petugas shell soalnya ramah dan murah senyum https://t.co/VRVwR0FxeS,1.90125E+18,https://pbs.twimg.com/media/GmKUEUQaUAA3D0X.jpg,,in,„Äå ÎØºÏõê  Ï†ïÏ≤†  ÏàúÌõà „Äçfeat. SBT ,0,0,0,https://x.com/wonbita/status/1901245088573071826,1.32382E+18,wonbita
1.89649E+18,Mon Mar 03 09:08:56 +0000 2025,0,KuCoin Futures Telah Meluncurkan Kontrak SHELL Bermargin USDT https://t.co/9CiDCQRh8g Bergabunglah dengan Grup Telegram Resmi KuCoin Futures untuk mengetahui acara terbaru! https://t.co/QWHvEASO6k,1.89649E+18,https://pbs.twimg.com/media/GlGtunAboAAudVa.jpg,,in,,0,0,0,https://x.com/KucoinIndonesia/status/1896487946305646969,1.17315E+18,KucoinIndonesia
1.90073E+18,Sat Mar 15 22:04:06 +0000 2025,0,@cher_fiction @Rriskand @elisa_jkt Sama ngantri pom bensin shell gara2 stocknya ditahan pemerintah,1.90103E+18,,cher_fiction,in,Milky Way,0,0,0,https://x.com/dinris15/status/1901031681383170379,1.10334E+18,dinris15
1.89649E+18,Mon Mar 03 09:01:04 +0000 2025,2,Kisah Shell di Indonesia Sejak Era Kolonial Bermula dari Sumur Minyak di Sumatera https://t.co/cUtEJBgemL,1.89649E+18,,,in,Jakarta Capital Region,0,0,2,https://x.com/idx_channel/status/1896485966397002121,4755284968,idx_channel
1.89903E+18,Tue Mar 11 05:41:08 +0000 2025,0,@kompascom Dukung @Shell utk bangun SPBU di seluruh Indonesia biar ada pembanding.,1.89933E+18,,kompascom,in,,0,0,0,https://x.com/x_ak279/status/1899334755616952377,1.73056E+18,x_ak279
1.90049E+18,Fri Mar 14 10:25:21 +0000 2025,0,Shell lancar rangkaian pengecasan berprestasi tinggi pertama di Pantai Timur | DagangNews - Berita Bisnes Anda https://t.co/8KWN7A4D7w,1.90049E+18,,,in,Kuala Lumpur Malaysia,0,0,1,https://x.com/DagangNews/status/1900493447242588609,4108281914,DagangNews
1.89654E+18,Mon Mar 03 12:48:11 +0000 2025,0,''Shell ditemukan kandungan campuran!! Mulai detik ini Shell dilarang dijual di Indonesia!!'',1.89654E+18,,,in,,0,0,0,https://x.com/naufalhafiz_/status/1896543126027964791,496481492,naufalhafiz_
1.89731E+18,Thu Mar 06 08:33:29 +0000 2025,0,@MaruThegoe @Bajulireng_ @okezonenews Bang lu tolol nya asli murni dah -_- Lu ngasih contoh Apple kan? Nah direksi Apple ada yg resign gak? Kan kagak -_- Ini yg resign itu shell pusat bang bukan yg ada di Indonesia. Shell ninggalin Indonesia pun gakan ngebuat mereka bangkrut jadi ngapain takut sama pemerintah?,1.89757E+18,,MaruThegoe,in,"Soreang, Indonesia",0,2,0,https://x.com/raykairi/status/1897566191000150140,236389654,raykairi
1.89584E+18,Sat Mar 01 14:22:03 +0000 2025,0,Beginilah bukti half truth itu bisa jadi the whole lie: Bahlil mengatakan Shell Indonesia sudah mengantongi izin impor¬†BBM¬†sejak Januari 2025. Another truth: izin diajukan sejak September 2024. Butuh 20-an hari mendatangkan stok baru https://t.co/5NCdK1og1d,1.89584E+18,,,in,,0,0,0,https://x.com/politikana/status/1895841971127927148,18660644,politikana
1.8985E+18,Sun Mar 09 04:11:12 +0000 2025,564,@biasalahanakmud Setelah @BankBCA muncul @Shell . Emang benernya tuh iklim usaha saling berlomba memberikan pelayanan terbaik. Kudos buat 2 perusahaan ini menunggu perusahaan dengan layanan yang bagus lainnya.,1.89859E+18,,biasalahanakmud,in,"Jakarta, Indonesia",0,2,18,https://x.com/olaffwibowo/status/1898587347064865156,108122445,olaffwibowo
1.89613E+18,Sun Mar 02 09:44:22 +0000 2025,75,. . Ini kayak @Shell dan @bp_Indonesia apa gak bisa buka Shell Mini atau BP Mini di daerah-daerah gitu ??! Go Portable Jemput Bola Gaeesss .. Saia prihatin sama Warga di Daerah yang terpaksa beli dari Kang Oplos soalnya . .,1.89613E+18,,,in,Bermuda Triangle,0,15,19,https://x.com/StefanAntonio__/status/1896134475614195950,1.52949E+18,StefanAntonio__
1.89779E+18,Thu Mar 06 23:04:49 +0000 2025,0,Shell Global ya kawan-kawan bukan Shell Indonesia ,1.89779E+18,,,in,Kenapa Bandung?,0,0,0,https://x.com/muhfauzanp/status/1897785467950727658,1406934278,muhfauzanp
1.89753E+18,Thu Mar 06 05:57:47 +0000 2025,3,Ya tuhan ini yang komen gabaca beritanya kah? beda yang digoreng beda juga beritanya. asli. 15 detik searching tau kok shell yang dirujuk bukan direksi shell indonesia:(,1.89753E+18,,,in,,0,0,0,https://x.com/wrongpotatoes/status/1897527009083056335,1264355792,wrongpotatoes
1.90161E+18,Mon Mar 17 12:26:01 +0000 2025,0,Surabaya keabisan Shell....... Ada apa ini,1.90161E+18,,minase_nayuki,in,,0,1,0,https://x.com/minase_nayuki/status/1901610974500798610,76903558,minase_nayuki
1.89422E+18,Wed Mar 12 18:50:07 +0000 2025,0,kemaren sore kali kedua ngisi super di shell. dilanjut ngojay di cikini #IndonesiaTanpaBUMN https://t.co/nLddu2P4WJ,1.8999E+18,https://pbs.twimg.com/media/Gl3JERvXQAA_IED.jpg,jerapahliarrr,in,jakarta menghadap kiblat,0,1,0,https://x.com/jerapahliarrr/status/1899895697366983053,1310273718,jerapahliarrr
1.8957E+18,Sat Mar 01 05:15:00 +0000 2025,0,Sebuah video yang memperlihatkan mobil Maung Garuda berwarna putih seperti yang digunakan Presiden Prabowo Subianto saat mengisi bahan bakar minyak (BBM) di SPBU milik perusahaan Shell beredar di media sosial. https://t.co/phJlFGCLnH,1.8957E+18,,,in,Jakarta - Indonesia,0,0,0,https://x.com/mediaindonesia/status/1895704300254314893,68930552,mediaindonesia
1.8998E+18,Thu Mar 13 06:30:59 +0000 2025,1,@txtdrimedia kalo dsetiap daerah kota dan kabupaten di Indonesia ada shell bp dan sejenisnya penjualan pertamax mgkin uda turun 80%,1.90007E+18,,txtdrimedia,in,,0,0,0,https://x.com/BelalangKadung/status/1900072076901572677,1.14893E+18,BelalangKadung
1.89541E+18,Fri Feb 28 09:46:39 +0000 2025,0,KuCoin Convert Menambahkan SHELL https://t.co/0V8YX4hrJf #Pengumuman https://t.co/u3Qp6Onvoa,1.89541E+18,https://pbs.twimg.com/media/Gk3Zl9LaYAAnFmF.jpg,,in,,0,0,0,https://x.com/KucoinIndonesia/status/1895410278139150766,1.17315E+18,KucoinIndonesia
1.89575E+18,Sat Mar 01 08:34:04 +0000 2025,0,Dalam video tersebut mobil berwarna putih itu tampak berada di Shell untuk mengisi bensin. Dalam narasi yang beredar publik mengaitkannya dengan korupsi di Pertamina di mana bensin jenis Pertamax dioplos dari Pertalite. https://t.co/sHbzhdahOv via @tribunnews,1.89575E+18,,,in,Aceh,0,1,0,https://x.com/serambinews/status/1895754398812500008,64635651,serambinews
1.8998E+18,Thu Mar 13 03:31:40 +0000 2025,0,@txtdrimedia Jangan takut. Mereka tinggal menahan ijin import Shell saja seperti kejadian Januari kemarin..... Ud biasa main kotor...,1.90003E+18,,txtdrimedia,in,,0,1,0,https://x.com/inminix88/status/1900026952070877529,11409602,inminix88
1.89649E+18,Mon Mar 03 09:19:59 +0000 2025,3,Dari ujung atasnya pada gak punya adab etika bawahannya ngikut... Indonesia gelap. Bangga pake Shell.,1.89649E+18,,,in,Indonesia,0,0,1,https://x.com/nursalr/status/1896490728785883533,1446267349,nursalr
1.9003E+18,Thu Mar 13 21:51:27 +0000 2025,1,Sejak ganti dari Pertamina ke Shell somehow ngefek signifikan bgt lebih hemat dan gas lebih halus. Tadi mau ngisi lagi semua Shell pada habis ini karena emang demand&gt;supply / supply nya yg dilimit edarnya? But one thing for sure I'll never fill my tank with Pertamina again ,1.9003E+18,,,in,The City Tower Jakarta Pusat,0,0,0,https://x.com/ItsAkmalMH/status/1900303722275889269,122350973,ItsAkmalMH
1.89498E+18,Fri Mar 14 20:41:08 +0000 2025,0,@yaniarsim @Shell Bank apa yg cocok selain yang ada selama ini di Indonesia,1.90065E+18,,yaniarsim,in,,0,0,0,https://x.com/jalur_samping/status/1900648413970203044,1.60664E+18,jalur_samping
1.90143E+18,Mon Mar 17 00:32:53 +0000 2025,0,Inilah program loyalty dari shell... #shell Info lengkap https://t.co/t60GEIMRiQ https://t.co/BsxdgcjK7W,1.90143E+18,https://pbs.twimg.com/media/GmM9rTxbEAAXZf8.jpg,,in,Jakarta,0,0,0,https://x.com/aguskoerniawan/status/1901431507966918817,160113699,aguskoerniawan
1.90195E+18,Tue Mar 18 10:36:50 +0000 2025,0,Wow jadi banyak yg pindah shell hamdalah jadi ladang rejeki setelah perusahaan #ITU ketauan busuknya,1.90195E+18,,,in,stan twitter„Åò„ÇÉ„ÅÇ„Çä„Åæ„Åõ„Çì,0,0,0,https://x.com/undeadpoem/status/1901945888693522433,1.62873E+18,undeadpoem
1.8998E+18,Thu Mar 13 04:14:58 +0000 2025,0,@kpsirtbd @Ranukumbolo77 @Budionotaslim3 @txtdrimedia Minta pak Iskandar 'Indonesia Airline' buka Shell disana bree.. ,1.90004E+18,,kpsirtbd,in,"Bekasi, Indonesia",0,0,0,https://x.com/Zeent29/status/1900037847081771419,1.22708E+18,Zeent29
1.89972E+18,Fri Mar 14 23:28:46 +0000 2025,0,@Jateng_Twit Sayangnya di Sumatera Utara Shell udah tutup sekarang tinggal Pertamina satu-satunya,1.90069E+18,,Jateng_Twit,in,Kota Medan,0,0,0,https://x.com/andrey_mukti/status/1900690600082764287,285972484,andrey_mukti
1.90015E+18,Thu Mar 13 11:24:31 +0000 2025,0,berhasil meracuni bapak buat ganti ke shell ,1.90015E+18,,,in,127 only,0,0,0,https://x.com/D0JAEVU/status/1900145948812104031,1.3635E+18,D0JAEVU
1.89573E+18,Sat Mar 01 07:09:49 +0000 2025,0,kami menuntut shell untuk membuka cabang diseluruh indonesia @Shell,1.89573E+18,,,in,.net,0,0,0,https://x.com/ruwetlur/status/1895733197209756145,1.08855E+18,ruwetlur
1.89646E+18,Mon Mar 03 07:14:01 +0000 2025,2,Belum liat macan asia yang bakal gak ragu nyakar mereka yang mengusik wilayahnya. Yang keliatan baru macan sirkus! Yang nurut kalau disuruh pemegang cambuk. Indonesia gelap. Bangga pakai Shell.,1.89646E+18,,,in,Indonesia,0,0,1,https://x.com/nursalr/status/1896459029653991651,1446267349,nursalr
1.90083E+18,Sat Mar 15 08:49:26 +0000 2025,0,super di shell sampe ludes baru kali ini gua liat shell sold out gitu bensin nya. awalnya gua kira cuma yg di deket rumah gua tp pas gua mau isi yg deket kampus sold juga bjir,1.90083E+18,,,in,,0,0,0,https://x.com/sacturnova/status/1900831694342828216,1.65627E+18,sacturnova
1.89985E+18,Wed Mar 12 23:54:27 +0000 2025,0,@GuruGembull Juga tidak banyak beredar di pasar Indonesia berbeda dengan USA dan sekutunya yg memang punya banyak produk dipasar seperti Shell dan BP yg tetiba jadi primadona karena kasus oplosan Pertamina seruan boikot langsung hilang ke pom bensin asing itu ,1.89997E+18,,ekopras96808127,in,,0,0,0,https://x.com/ekopras96808127/status/1899972286398308601,1.57684E+18,ekopras96808127
1.90167E+18,Mon Mar 17 16:15:58 +0000 2025,0,SHELL MENAIKAN HARGA... INI AJI MUMPUNG BUAT SHELL ATAU ADA TEKANAN DARI PIHAK2 PECUNDANG YG INGIN RAKYAT BERALIH LAGI KE PERTAMINA??!!. KALAU BERSAING YG SEHAT AJA!!. NANTI KALAU INVESTOR PADA KABUR KARENA REGULASI YG GAK FAIR CARI KAMBING HITAM!! https://t.co/GhdPzTcBHN,1.90167E+18,,,in,"Serpong, Indonesia",0,0,0,https://x.com/M17522147/status/1901668846169448705,8.91884E+17,M17522147
1.89645E+18,Mon Mar 03 06:39:19 +0000 2025,1,HARGA bahan bakar minyak (BBM) dengan nilai oktan 92 (RON 92) atau Pertamax di stasiun pengisian bahan bakar umum (SPBU) Pertamina tetap sedangkan Shell Vivo dan BP justru mengalami kenaikan. https://t.co/SmFS5s30w9,1.89645E+18,,,in,Jakarta - Indonesia,0,1,0,https://x.com/mediaindonesia/status/1896450293799481526,68930552,mediaindonesia
1.89979E+18,Wed Mar 12 11:55:26 +0000 2025,1,@faadilmuhamad @Botzkobet Di kab. Kediri di leuweung aya shell badaaaaaggg plus rest area ,1.89979E+18,,faadilmuhamad,in,"√úT: -6.986429,107.637556",0,2,0,https://x.com/diavanda/status/1899791338801144129,122608964,diavanda
1.8998E+18,Thu Mar 13 01:58:21 +0000 2025,0,@txtdrimedia warung madura suru jualan shell dkk aja asal jangan pertamina ntar gw beli deh toh kalo di shell kayanya gabakal dilarang beli bensin pake jerigen ,1.9E+18,,txtdrimedia,in,pulo gebang,0,0,0,https://x.com/margihusada/status/1900003467072331986,191759010,margihusada
1.90089E+18,Sat Mar 15 12:26:38 +0000 2025,1,Menteri Ekonomi Kreatif/Kepala Badan Ekonomi Kreatif Teuku Riefky Harsya menjadi pembicara sekaligus penandatanganan kerja sama antara Sour Sally Group dengan mitra Filipina dalam acara Indonesia Go Global di IDN HQ Jakarta pada Rabu 12 Maret 2025. https://t.co/psgHhVeWwC,1.90089E+18,https://pbs.twimg.com/media/GmFOD45bcAQ9yhT.jpg,,in,,0,0,0,https://x.com/DemokratProbo1/status/1900886356303491452,1.55721E+18,DemokratProbo1
1.89536E+18,Fri Feb 28 06:33:23 +0000 2025,1,Ya aneh tidak makan KFC McD Starbucks lgbt tapi isi di Shell ini sudah lama juga mencengkeram Indonesia bersama Caltex Mobil Oil Freeport banyak lagi yang semuanya membuat cost recovery yang isinya termasuk buat membantai Palestina.,1.89536E+18,,,in,,0,0,2,https://x.com/xineibn/status/1895361639597383849,1.70819E+18,xineibn
1.90181E+18,Tue Mar 18 02:06:05 +0000 2025,0,@astheriophilla IKR love shell so much jirrrr beneran harus move to shell harganya lebih mahal tapi lebih iritttt,1.90182E+18,,astheriophilla,in,Still With You,0,1,0,https://x.com/jiggukease/status/1901817352075030888,1.12285E+18,jiggukease
1.90134E+18,Sun Mar 16 18:18:48 +0000 2025,3,Shell Hoofdkantoor Den Haag Netherlands (Built: 1917) üá≥üá± https://t.co/CQYq8iLsXk https://t.co/v4DapMrudI,1.90134E+18,https://pbs.twimg.com/media/GmLoQfpXMAAxeCj.jpg,,nl,üçé CORE üíéüá∫üá∏,0,0,1,https://x.com/WETHEKINGDQMQ98/status/1901337369883668585,1.6038E+18,WETHEKINGDQMQ98
1.90155E+18,Mon Mar 17 09:06:42 +0000 2025,0,@aewin86 Seneng banget kalo Timnas Indonesia yang jadi juara,1.90156E+18,,aewin86,in,Indonesia,0,0,0,https://x.com/HyperShellDark/status/1901560818036338690,1.32859E+18,HyperShellDark
1.90007E+18,Thu Mar 13 06:09:55 +0000 2025,0,INFO SHELL BANDUNG YG ADA NITRO DONG SHEBALL KENAPA KOSONG SMUA INI HEY,1.90007E+18,,,in,,0,0,0,https://x.com/lynxzea/status/1900066777218113776,1.26259E+18,lynxzea
1.89771E+18,Thu Mar 06 17:58:29 +0000 2025,0,Ga usah dibaca guys. Ga ada hubungannya sama Shell Indonesia kok,1.89771E+18,,,in,"Jakarta, ID",0,0,0,https://x.com/dkibukanjakarta/status/1897708377649893697,45305933,dkibukanjakarta
1.90013E+18,Thu Mar 13 13:42:02 +0000 2025,0,@PereyraPose @Baba__Voss Estan donde? Vos no viste que Xom Raizen y la otra q ahora no recuerdo estan buscando comprador para salir del pais? Shell de hecho ya habia salido Raizen le compro los activos hace unos 6 a√±os.,1.90018E+18,,PereyraPose,es,Waco TX,0,1,0,https://x.com/Lukas77AR/status/1900180553552269316,1.81878E+18,Lukas77AR
1.90199E+18,Tue Mar 18 14:15:47 +0000 2025,0,@DiniHaruti Shell itu kayaknya ga bisa catching up dgn demand sekarang. Bukan lagi masalah izin apalah itu ,1.902E+18,,DiniHaruti,in,Hong Kong,0,0,0,https://x.com/djfarezki/status/1902000989244465351,46568419,djfarezki
1.89619E+18,Mon Mar 03 05:12:53 +0000 2025,3,@StefanAntonio__ Lagi kasih kode nunggu perwakilan dari Shell Indonesia utk merapat dan kasih angpao supaya gak digangguin https://t.co/ebmIVtEkBK,1.89643E+18,,StefanAntonio__,in,between Dreamland and Lalaland,0,0,1,https://x.com/Dodolipet199/status/1896428545754431863,1.4917E+18,Dodolipet199
1.89929E+18,Thu Mar 13 04:03:01 +0000 2025,0,@TOM5helby @Shell @bahlillahadalia SETUJU guwa Oum .. Mending Pejabat Pejabat ini #PergiAjaDeh dari Indonesia !!!,1.90003E+18,,TOM5helby,in,Bermuda Triangle,0,0,0,https://x.com/StefanAntonio__/status/1900034838708838589,1.52949E+18,StefanAntonio__
1.89528E+18,Fri Feb 28 01:10:18 +0000 2025,1,Istana minta tidak krisis kepercayaan kpd Pertamina. Tapi mobil Istana isi BBM nya di SPBU Shell . Menuju Indonesia Gelap ( tambah kesini makin kesono) https://t.co/NXo1iWYVJ8,1.89528E+18,,,in,,0,0,1,https://x.com/bayoy_tea/status/1895280334415208911,1.86858E+18,bayoy_tea
1.90005E+18,Thu Mar 13 05:07:25 +0000 2025,0,Pagiku dihabiskan dengan hunting pom shell yang masih ada stok di Bandung + log in gmail kantor soalnya ke log out sendiri. Ini antara beneran bensinnya dalam pengiriman apa dijegal lagi wkwkwkwk,1.90005E+18,,,in,"Bandung, Jawa Barat",0,0,0,https://x.com/Chizzudio/status/1900051048255152282,310731636,Chizzudio
1.90111E+18,Sun Mar 16 03:28:13 +0000 2025,2,Yang bikin tambah lucu narasi pemasaran merakyat berbanding terbalik sama citra pribadi Shella yang serba mewah. Alphard di garasi Herm√®s di tangan tapi produk dibilang untuk rakyat jelata ?,1.90111E+18,,republik_MAFIA,in,,0,1,0,https://x.com/republik_MAFIA/status/1901113246406636009,7.28619E+17,republik_MAFIA
1.90125E+18,Sun Mar 16 12:19:53 +0000 2025,0,Di satu sisi wa merasa rada aman kalo petugas shell yg nanya. Toh terang benderang tempatnya dan memang sengaja building rapport sama petugasnya karena yakin langganan. Tapi di sisi lain bayangin kalo di tempat asing ditanya begitu-one of reason wa males pergi sendirian ,1.90125E+18,,lysafcad,in,,0,0,0,https://x.com/lysafcad/status/1901247043580112902,241937321,lysafcad
1.89972E+18,Fri Mar 14 07:18:12 +0000 2025,0,@iwannabeyovrz @Jateng_Twit Aku kabupaten juga tp demi shell akan kuperjuangkan. Baca di review google mapsnya malah ada orang Tulungagung yg belain beli ke shell Blitar,1.90045E+18,,iwannabeyovrz,in,,0,0,0,https://x.com/antibacterii/status/1900446347184206186,1.54053E+18,antibacterii
1.8998E+18,Wed Mar 12 23:10:18 +0000 2025,1,@txtdrimedia Sayang banget di kabupaten ga ada shell. Kalo ada pasti aku udah pindah. Sementara terpaksa tetep Pertamina sedih banget harus kasih bahan bakar jelek buat motor kesayangan aku.,1.89996E+18,,txtdrimedia,in,"Semarang Selatan, Indonesia",0,0,0,https://x.com/jakamirandaa/status/1899961175200457099,7.83563E+17,jakamirandaa
1.90116E+18,Sun Mar 16 06:44:26 +0000 2025,0,Tapi ya emang kerasa banget bedanya ngisi bensin pake sh3ll vs p3rtamina Sbg pelanggan p3rtama dri dulu dan biasa isi pertamax skrg switch ke shell tuh wOoaH motor gue alus bgtt,1.90116E+18,,kaiiyeopta,in,,0,0,0,https://x.com/kaiiyeopta/status/1901162626081779921,2918263591,kaiiyeopta
1.90122E+18,Sun Mar 16 11:30:15 +0000 2025,0,@mag1cally Ujung Indonesia kak,1.90123E+18,,mag1cally,in,Indonesia,0,0,0,https://x.com/HyperShellDark/status/1901234551911055763,1.32859E+18,HyperShellDark
1.90078E+18,Tue Mar 18 07:17:55 +0000 2025,1,@Teftsl @twitlisten @fmtoday Kau mengarut apa bodoh. Sebelum adanya Petronas SHELL dah lama bertapak di Sarawak,1.9019E+18,,Teftsl,in,Republic of North Borneo,0,0,0,https://x.com/thelast_demigod/status/1901895828454941062,1.25925E+18,thelast_demigod
1.89586E+18,Sat Mar 01 15:40:16 +0000 2025,3,Setelah pemain sepak bola Belanda dinaturalisasi sepertinya Royal Dutch Shell¬†akan menyusul dinaturalisasi oleh rakyat Indonesia. https://t.co/9xxAyfOjhI,1.89586E+18,,,in,"DKI Jakarta, Indonesia",0,0,0,https://x.com/HistoriDunia2/status/1895861652513570864,1.15175E+18,HistoriDunia2
1.89643E+18,Mon Mar 03 05:07:00 +0000 2025,1,Awal Maret Tahun 2025 Sejumlah badan usaha penyedia Bahan Bakar Minyak (BBM) seperti Shell Indonesia BP-AKR hingga PT Vivo Energy Indonesia telah menyesuaikan harga untuk beberapa produk BBMnya. Hanya PT Pertamina (Persero) yang tidak mengalami perubahan. #hargabbm https://t.co/51NOks0XTO,1.89643E+18,https://pbs.twimg.com/media/GlFtdnyakAAYHjV.jpg,,in,"Jakarta, Indonesia",0,0,0,https://x.com/erdioo/status/1896427063151665154,289373425,erdioo
1.90161E+18,Mon Mar 17 12:37:28 +0000 2025,836,super lucu moqeel dan perintilannya https://t.co/MJydeYJgG0,1.90161E+18,https://pbs.twimg.com/ext_tw_video_thumb/1901613828879826944/pu/img/8q_4khxMkb3h7Ekl.jpg,,in,gotham city,2,3,112,https://x.com/spideryyc/status/1901613856688083347,1.43543E+18,spideryyc
1.90179E+18,Tue Mar 18 00:13:49 +0000 2025,12,Comflirt #KyungKi filo au prompt https://t.co/oKXvsluks8,1.90179E+18,https://pbs.twimg.com/media/GmSDDlVbsAATyLp.jpg,,in,Snoopy,3,0,3,https://x.com/Winnryy/status/1901789098681192865,1.86349E+18,Winnryy
1.89937E+18,Tue Mar 11 07:59:54 +0000 2025,49,1Ô∏è‚É£Total spending min RM800 tapi nak dapat cashback RM100+ sebulan kena spend RM2.5K&gt; 2Ô∏è‚É£Isi minyak &amp; beli barang dekat shell online spend dining grocery bayar bill guna je CC ni. Btw RinggitPlus ada sign up gift RM5K weh!* Apply kat sini https://t.co/XOBGbQLCBW https://t.co/9LVrR4LArv,1.89937E+18,https://pbs.twimg.com/media/GlvqpwfbYAEJZZJ.jpg,faliqfahmie,in,"Kuala Lumpur Federal Territory, Malaysia",0,1,33,https://x.com/faliqfahmie/status/1899369677396345198,39714993,faliqfahmie
1.90005E+18,Thu Mar 13 05:05:22 +0000 2025,3,duh dia tuh cakep bgt deh.. kayak rambut alis mata coklat terangnya hidung bibir sm dagu yg belah gt.. perfect bgt.. aduhhh gabisa gw https://t.co/vGc1ejEHuU,1.90005E+18,https://pbs.twimg.com/ext_tw_video_thumb/1900050511203577856/pu/img/beJQloDeyZI7BcX4.jpg,,in,gotham city,0,0,0,https://x.com/spideryyc/status/1900050530317328878,1.43543E+18,spideryyc
1.90084E+18,Sat Mar 15 09:03:57 +0000 2025,44,MNGÔºÅ TRN SHELL https://t.co/DZ3hFipkAI,1.90084E+18,https://pbs.twimg.com/media/GmEfqZqbcAQTlvN.jpg,,in,Êù±‰∫¨ÈÉΩ„ÅÆ„Å©„Åì„Åã,0,6,2,https://x.com/ntzg4/status/1900835347384455259,5641292,ntzg4
1.90151E+18,Mon Mar 17 05:51:11 +0000 2025,633,bersinar terus king and queen menyala kapal gua. #moqeel till i die https://t.co/sqfUUPc3Vc,1.90151E+18,https://pbs.twimg.com/ext_tw_video_thumb/1901511574650830848/pu/img/73mawF33DWa4mP6E.jpg,,in,gotham city,0,0,58,https://x.com/spideryyc/status/1901511614211465659,1.43543E+18,spideryyc
1.90067E+18,Fri Mar 14 22:08:50 +0000 2025,3,NEW TMNT TIKTOK https://t.co/iWTXPnQxSp,1.90067E+18,https://pbs.twimg.com/ext_tw_video_thumb/1900670466391764995/pu/img/OhGH_MOXJytlEpFU.jpg,,in,(TCEST AND NSFW DNI),0,1,0,https://x.com/ShellMikey/status/1900670482321485851,1.59545E+18,ShellMikey
1.90121E+18,Sun Mar 16 09:53:28 +0000 2025,23,yauda kak kalo misal uda vote dalam diam itu berarti target pasar orang yg ngingetin vote bukan kamu.,1.90121E+18,,,in,,0,0,4,https://x.com/matchachuuw/status/1901210196392952002,1.60027E+18,matchachuuw
1.90028E+18,Thu Mar 13 20:11:57 +0000 2025,15,Oyarzabal pen win from Zubimendi overlap + cross https://t.co/M27bAdJVtr,1.90028E+18,https://pbs.twimg.com/ext_tw_video_thumb/1900278662714515456/pu/img/Hc7cJSC0QtLKWYn1.jpg,,in,,0,1,1,https://x.com/juegodeposting/status/1900278680833892620,1.73047E+18,juegodeposting
1.90196E+18,Tue Mar 18 11:49:07 +0000 2025,706,egonya si r dikasih makan mulu gmn mau sembuh kocak kocak,1.90196E+18,,,in,gotham city,9,26,46,https://x.com/spideryyc/status/1901964079306268740,1.43543E+18,spideryyc
1.90152E+18,Mon Mar 17 06:44:00 +0000 2025,72,Shell memilih memelihara kucing sementara Pertamini memilih memelihara tikus https://t.co/a80p7oM9Co,1.90152E+18,https://pbs.twimg.com/ext_tw_video_thumb/1901524865582297088/pu/img/paGNERmZKZdR5SPo.jpg,,in,Seberang Rumah Pak Lurah,0,32,17,https://x.com/AlnilamOmar/status/1901524903876035070,1.64969E+18,AlnilamOmar
1.89873E+18,Sun Mar 09 13:48:05 +0000 2025,510,Ai Miyashita modeling sea shell bikini's!! https://t.co/EQ8rUviC0v,1.89873E+18,https://pbs.twimg.com/media/Glmm_cybcAAhy2D.jpg,,in,,1,1,38,https://x.com/striker97663/status/1898732526245650481,1.67962E+18,striker97663
1.8994E+18,Tue Mar 11 09:57:34 +0000 2025,5, .phonegingi . #dialtown https://t.co/tEt7OF0G9U,1.8994E+18,https://pbs.twimg.com/media/GlwFlZvWcAAG4cq.jpg,,in,,0,0,1,https://x.com/snail_shell64/status/1899399288750223392,1.64547E+18,snail_shell64
1.90072E+18,Sat Mar 15 01:14:16 +0000 2025,4,Di Shell tidak ada tikus karena ada kucing penjaganya https://t.co/E640nvCOF6,1.90072E+18,https://pbs.twimg.com/ext_tw_video_thumb/1900716866307584001/pu/img/0KHJeTpinTuuyuU9.jpg,,in,Manado-Jakarta-St. Petersburg,0,1,0,https://x.com/luckylucky0971/status/1900717149104292030,1.54853E+18,luckylucky0971
1.90175E+18,Mon Mar 17 21:50:04 +0000 2025,20,Iyo Sky Our Champion https://t.co/v6dNGKf1tE,1.90175E+18,https://pbs.twimg.com/ext_tw_video_thumb/1901752863476609024/pu/img/b5GI-U3zvsmvHta-.jpg,,in,,0,0,5,https://x.com/Shelleyjo8/status/1901752925417836619,1.00384E+18,Shelleyjo8
1.90193E+18,Tue Mar 18 09:52:39 +0000 2025,2,MAKLUMAN PENUTUPAN SEMENTARA STESEN MINYAK PETRONAS &amp; MCDONALD DI R&amp;R GENTING SEMPAH BAGI KERJA-KERJA PENYELENGGARAAN Tarikh: 19 Mac 2025 Masa: 8.30 am - 5.30 pm Alternatif: Stesen Minyak Shell KM 55 (Arah KL) &amp; BHP KM 21 (Arah Kuantan) https://t.co/JFeAeG9tyo,1.90193E+18,https://pbs.twimg.com/media/GmUHlk8aUAA_oCa.jpg,,in,GOMBAK-KARAK-KUANTAN-JABOR,0,0,1,https://x.com/LPTTrafik/status/1901934769333776818,389465925,LPTTrafik
1.90207E+18,Tue Mar 18 19:00:01 +0000 2025,4,Motoko Kusanagi (Ghost in the Shell) https://t.co/CjUqHr9oQD,1.90207E+18,https://pbs.twimg.com/media/GmBe3ltXoAAs1TR.jpg,,in,,0,2,0,https://x.com/theanimepost_/status/1902072515780080114,1.86909E+18,theanimepost_
1.90083E+18,Sat Mar 15 08:38:30 +0000 2025,0,Motuba setelah pindah dari Shell Super ke Shell Power: https://t.co/ZR3vjj8JpM,1.90083E+18,https://pbs.twimg.com/tweet_video_thumb/GmEZ0r3bcAERQtn.jpg,,in,"Bekasi Selatan, Indonesia",0,0,0,https://x.com/dnlwkrt/status/1900828943436968087,1.44855E+18,dnlwkrt
1.9E+18,Thu Mar 13 01:46:01 +0000 2025,1,ansiosa pelas da Shell,1.9E+18,,,in,Leclerc | Thompson | Ettore,0,0,0,https://x.com/dearscker/status/1900000364323058081,913173816,dearscker
1.90153E+18,Mon Mar 17 07:02:52 +0000 2025,10,#SahabatBahari Senin 17 Maret 2025 Inspektur Mutu Badan Mutu KKP NTB melaksanakan Surveilans HACCP secara on site di PT. Live Shell Indonesia Lombok Barat NTB. #BPPMHKP #PanganBiru #2025KKPRiseTogether #EkonomiBiruUntukIndonesiaEmas #SaktiWahyuTrenggono #KKPGOID https://t.co/rKTTtIe5JP,1.90153E+18,https://pbs.twimg.com/media/GmOXIppboAArK3x.jpg,,in,"Mataram, Indonesia",0,0,2,https://x.com/bkipmmataram/status/1901529651719135379,7.58558E+17,bkipmmataram
1.90202E+18,Tue Mar 18 15:27:46 +0000 2025,0,jirr gw udh ke bbrp cabang shell abis semuaaa,1.90202E+18,,,in,,0,0,0,https://x.com/aaisyyst/status/1902019101708685697,1.63874E+18,aaisyyst
1.90155E+18,Mon Mar 17 08:12:57 +0000 2025,1235,Boda guy: Olaagawa Munyankole: Nteeka aha Shell ya Total https://t.co/9nf3hooWos,1.90155E+18,https://pbs.twimg.com/media/GmOnLQwWwAAYVYW.jpg,,in,"Kampala, Uganda",1,83,73,https://x.com/KomugishaPeace/status/1901547288847122597,1.37585E+18,KomugishaPeace
1.90013E+18,Thu Mar 13 10:22:45 +0000 2025,1,SAATNYA PACU ADRENALIN KAMU DI YAMAHA ENDURO CHALLENGE 2025! Buat kamu para pecinta off-road dan pengguna Yamaha WR155R siapkan diri kalian karena event SHELL BLU CRU Yamaha Enduro Challenge bakal hadir kembali! https://t.co/bIZSnTdvAh,1.90013E+18,https://pbs.twimg.com/ext_tw_video_thumb/1900130333527359488/pu/img/U1VOK883PhMGH5Lb.jpg,,in,Indonesia,0,1,0,https://x.com/YamahaRacing_Id/status/1900130401345298584,506942650,YamahaRacing_Id
1.90188E+18,Tue Mar 18 06:00:13 +0000 2025,6,#SahabatBahari Selasa 18 Maret 2025 Inspektur Mutu Badan Mutu KKP NTB laksanakan Surveilans HACCP Secara On Site Hari Ke-2 di PT. Live Shell Indonesia Lombok Barat NTB. #BPPMHKP #PanganBiru #2025KKPRiseTogether #EkonomiBiruUntukIndonesiaEmas #SaktiWahyuTrenggono #KKPGOID https://t.co/eU2taJzAVO,1.90188E+18,https://pbs.twimg.com/media/GmTSXn5agAAasDq.jpg,,in,"Mataram, Indonesia",0,0,1,https://x.com/bkipmmataram/status/1901876273380462655,7.58558E+17,bkipmmataram
1.90214E+18,Tue Mar 18 23:41:26 +0000 2025,0,Ngeri bener antrian Shell Deltamas pagi-pagi https://t.co/R367ftV0sW,1.90214E+18,https://pbs.twimg.com/media/GmXFR3La8AIEpH3.jpg,,in,"Bekasi, Jawa Barat",0,3,0,https://x.com/ttodareunna/status/1902143337664303286,1.10786E+18,ttodareunna
1.90165E+18,Mon Mar 17 15:02:02 +0000 2025,2,PERTAMINA BANGSATTTT . GARA2 SKANDAL KORUPSI LU BIKIN W NGANTRE ISI BENSIN SHELL. SEBELUM E GAPERNAH SAMPE ANTRE SEGININYA AJG. NGULAR SAMPE DEPAN. 10 MENIT LEBIH AJG CUMAN ISI BENSIN DOANG. (iya w telat soale w jarang naik ni motor),1.90165E+18,,,in,Unknown,0,0,0,https://x.com/CrescentGlaive/status/1901650238064275767,1.48853E+18,CrescentGlaive
1.89987E+18,Wed Mar 12 17:19:41 +0000 2025,7,jauh jauh dari nangor ke shell pelajar pejuang ternyata gada stock nya :),1.89987E+18,,,in,"Kota Bandung, Jawa Barat",0,2,0,https://x.com/akuinimeul/status/1899872940587684054,1.28088E+18,akuinimeul
1.90019E+18,Thu Mar 13 14:23:50 +0000 2025,2,Ngerik sekarang ngisi di Shell Cikokol ada mandor'e cuy... https://t.co/lDcmhDWKda,1.90019E+18,https://pbs.twimg.com/media/Gl7Vs9tboAA6B2D.jpg,,in,Indonesia,0,1,0,https://x.com/MYusril_IhzaM/status/1900191073038901424,411280866,MYusril_IhzaM
1.9013E+18,Sun Mar 16 15:42:20 +0000 2025,7,Sore tadi panjang jasa antrean di SPBU Shell Suvarna Sutera Sindang Jaya Kabupaten Tangerang https://t.co/MXRl9eUjnz,1.9013E+18,https://pbs.twimg.com/ext_tw_video_thumb/1901297944244219904/pu/img/RFxrtPbwLB-_NLos.jpg,,in,"Tangerang, Banten",1,2,2,https://x.com/AboutTNG/status/1901297991954334074,2818687488,AboutTNG
1.89944E+18,Tue Mar 11 12:52:42 +0000 2025,1,Kami rindu pom shell yang dulu https://t.co/QruQ2viKhl,1.89944E+18,https://pbs.twimg.com/media/Glwtqf-aQAAx_Et.jpg,,in,"Greater Jakarta, Indonesia",0,1,1,https://x.com/Rafiest/status/1899443365197815961,22477258,Rafiest
1.90195E+18,Tue Mar 18 11:05:59 +0000 2025,1,ada yg abis ngisi bensin ke shell bojongsoang? bensinnya ready tidakk yaa?:( males bolak balik soalnya:((,1.90195E+18,,,in,kadang bandung kadang jogja,0,5,0,https://x.com/sakuragenovevaa/status/1901953220685283743,1.23667E+18,sakuragenovevaa
1.89895E+18,Mon Mar 10 04:19:58 +0000 2025,40,Agak kaget ketika melihat staff Shell mengelap dengan lembut bensin yang tercecer di tangki motor. Mbaknya jg bilang Terima kasih semoga sehat selalu setelah covid melanda kalimat tersebut sangat kuat sekali. Pagi ini kali pertama saya menggunakan Shell. Puja kerang ajaib! https://t.co/qBODngWbk3,1.89895E+18,https://pbs.twimg.com/media/GlpuuW4awAA7zU2.jpg,,in,Amphoe Mueang Khon Kaen,0,3,0,https://x.com/milkpapii/status/1898951943109947653,1.6989E+18,milkpapii
1.8994E+18,Tue Mar 11 10:09:42 +0000 2025,2,Mudik Tenang Cashback Jalan! Nikmati perjalanan mudik makin nyaman isi BBM di SPBU Shell pakai Mandiri Kartu Kredit dan dapetin cashback Rp20 ribu*. Berlaku dari 1 Maret 2025 - 28 Februari 2026. Jangan sampai ketinggalan dapetin cashbacknya! Cek informasi selengkapnya https://t.co/va52pakdvI,1.8994E+18,https://pbs.twimg.com/media/GlwIW8wawAISwD7.jpg,,in,Jakarta,0,0,0,https://x.com/mandiricard/status/1899402342333882625,115848008,mandiricard
1.89937E+18,Tue Mar 11 07:42:44 +0000 2025,3,Bos Shell Chevron Dukung Kebijakan Trump Meski Harga Minyak Drop https://t.co/oAeFAUokRZ,1.89937E+18,,,in,Jakarta,0,0,1,https://x.com/BloombergTZ/status/1899365357078380702,1.58297E+18,BloombergTZ
1.89902E+18,Mon Mar 10 08:59:37 +0000 2025,2,Gara gara pertamina shell yang tadi nya sepi jadi rame!!! AKU SUKA SHELL KARENA SEPII,1.89902E+18,,,in,,0,1,0,https://x.com/jsthwyur/status/1899022319437390086,1.2055E+18,jsthwyur
1.90049E+18,Fri Mar 14 09:57:32 +0000 2025,0,POV isi bensin di shell now Dulu masuk langsung isi https://t.co/sGAjg3eZ9x,1.90049E+18,https://pbs.twimg.com/media/Gl_iWEZaoAAnCUg.jpg,,in,Jombang - Surabaya,0,2,0,https://x.com/Tomyzone/status/1900486445137318161,67257199,Tomyzone
1.90122E+18,Sun Mar 16 10:49:46 +0000 2025,0,di Tasikmalaya gada Shell jadi pake Mobil Indostation aja soalna Amakuchi ini alergi Pertamina https://t.co/HQ7GOUylhs,1.90122E+18,https://pbs.twimg.com/media/GmKBeZQaQAAzWJY.jpg,,in,,0,4,0,https://x.com/kimitofutari__/status/1901224366412607772,1.00547E+18,kimitofutari__
1.90201E+18,Tue Mar 18 15:09:31 +0000 2025,0,Faktor utama tidak adanya public trust terhadap BUMN. Ada Pengaruh masyarakat beralih ke shell nggak? Soalnya pertamina baru-baru ini anjlok 50 l% Btw gimana portofolio kalian kalian hari ini? https://t.co/dj3ygIDt6D,1.90201E+18,https://pbs.twimg.com/media/GmVQHiKbsAAKWFX.jpg,,in,Indonesia ,0,0,0,https://x.com/daeng_embang/status/1902014510615150592,1.45077E+18,daeng_embang
1.90146E+18,Mon Mar 17 02:41:09 +0000 2025,2,setelah berkeliling seluruh pom bensin Shell sa-bandung-eun tidak ada yg ready akhirnya aku beralih ke AKR,1.90146E+18,,,in,"code area: D, AG, DK",0,0,0,https://x.com/ddormitoirre/status/1901463790790864999,1.47544E+18,ddormitoirre
1.90099E+18,Sat Mar 15 19:16:09 +0000 2025,4,Sekarang tiap ditanya kenapa ga mudik? Jawaban gue: Di jawa tengah ga ada shell males kasian mobilnya.,1.90099E+18,,,in,,0,1,0,https://x.com/apansa_kalengs/status/1900989412198224068,1.03703E+18,apansa_kalengs
1.89971E+18,Wed Mar 12 06:45:31 +0000 2025,5,Ternyata di Shell sini cuma melayani penjualan oli ga ada layanan ganti oli. Yadah beli online aja kalo gt https://t.co/cH5tjf7NPg,1.89971E+18,https://pbs.twimg.com/media/Gl0jNkBaUAAf8qL.jpg,,in,,1,1,0,https://x.com/antibacterii/status/1899713345802158446,1.54053E+18,antibacterii
1.89979E+18,Wed Mar 12 11:33:25 +0000 2025,8,percakapan tdi pagi pertama kali isi shell selamat pagi mau isi shell yang mana kak? aku dengan kesadaran penuh : gatau kak hehe yang best seller mana? https://t.co/SG2Yu9NqJq,1.89979E+18,https://pbs.twimg.com/media/Gl1ktOWa8AAHM43.jpg,,in,,0,6,0,https://x.com/1shittalkerr/status/1899785799090192546,1.5704E+18,1shittalkerr
1.89986E+18,Wed Mar 12 16:11:01 +0000 2025,2,yang isiin shell dia untung lucu https://t.co/UrxbZgLKyP,1.89986E+18,https://pbs.twimg.com/media/Gl2kpPUbsAA8FHY.jpg,,in,,0,1,0,https://x.com/Rahmam0N/status/1899855659166007706,1.15613E+18,Rahmam0N
1.90201E+18,Tue Mar 18 14:56:24 +0000 2025,0,Kemarin pertamina jeblok yg disidak shell lah ini BEI jeblok kok gasidak ke BE negara lain?,1.90201E+18,,,in,0606 - 1919 | 298,0,0,0,https://x.com/ac_yoas/status/1902011207843987552,89632859,ac_yoas
1.90202E+18,Tue Mar 18 15:44:51 +0000 2025,0,kenapa shell abis terus,1.90202E+18,,,in,,0,1,0,https://x.com/ariqcruise/status/1902023400446742640,3289317312,ariqcruise
1.90145E+18,Mon Mar 17 01:45:34 +0000 2025,60,si adek pas awal¬≤ badannya GEDE bangett ampe bajunya keliatan ngepress (liat aja lengannya) apalagi yg pas di asrama bnrn kek preman pas gondrong. tp skrg dia kurusan ga sih? badannya ga segede dulu https://t.co/9DkhbqUhve,1.90145E+18,https://pbs.twimg.com/media/GmNOhAfbgAAsm7W.jpg,,in,gotham city,0,7,0,https://x.com/spideryyc/status/1901449799683162272,1.43543E+18,spideryyc
1.90203E+18,Tue Mar 18 16:10:49 +0000 2025,44,siapa ducal niiii asal nama macam nama petronas atau shell,1.90203E+18,,,in,The Emerald City of Oz,0,3,1,https://x.com/danishyeoh/status/1902029938091508071,1.70882E+18,danishyeoh
1.90014E+18,Thu Mar 13 11:07:46 +0000 2025,5,Dari Tangerang ke Grogol sdh lewatin 4 SPBU @pertamina tapi gak mampir dan sdh degdeg'an bensin sdh hampir habis. Untung ada @Shell meskipun agak mahal tapi Gak mau ditipu sm Plat merah. https://t.co/bVag9QGfeY,1.90014E+18,https://pbs.twimg.com/media/Gl6o0s7aIAANMbY.jpg,,in,Tangerang Kota - DKI Jakarta,0,1,0,https://x.com/IamWuBi/status/1900141730412060846,1.81539E+18,IamWuBi
1.90205E+18,Tue Mar 18 17:51:05 +0000 2025,45,@daegalangel bener njir magz kadang ngomong kek kumur¬≤ cpt bgt,1.90206E+18,,daegalangel,in,gotham city,0,1,0,https://x.com/spideryyc/status/1902055168604303468,1.43543E+18,spideryyc
1.90204E+18,Tue Mar 18 16:37:58 +0000 2025,20,SHELL DMNA MANA KOSONG ANJEENG TINGGAL DI GATSU https://t.co/WI6AgtjOKt,1.90204E+18,https://pbs.twimg.com/media/GmVkWlzaMAEPMgo.jpg,,in,,0,3,0,https://x.com/cimolnya_qaqa/status/1902036769639637174,1.27534E+18,cimolnya_qaqa
1.89903E+18,Mon Mar 10 11:32:53 +0000 2025,888,@kompascom Dear @Shell tolong bikin SPBU sebanyak2nya agar kami punya opsi selain pertemex,1.89906E+18,,kompascom,in,,1,23,81,https://x.com/Benidicvsy/status/1899060887555858792,1.79751E+18,Benidicvsy
